Jobname,Joblink
"Python Developer
      
      
          






            
        Python Developer
      
          


            Donato Technologies, Inc.
          




            Houston, TX
          





         Actively Hiring
 




            

    
    
    
    
    
    
    
    
    
    
    
    
    
    
    
    

    
    
    
    
    
    
    
    
    
    
    
    
    
    

      1 month ago",https://www.linkedin.com/jobs/view/python-developer-at-donato-technologies-inc-3534800375?refId=34JqHsXxpMjQqZTx%2FsbZOQ%3D%3D&trackingId=i8X0zBDILZfZ83DAjDmWqw%3D%3D&position=1&pageNum=0&trk=public_jobs_jserp-result_search-card
"Python Developer
      
      
          






            
        Python Developer
      
          


            TEAL
          




            Houston, TX
          




            

    
    
    
    
    
    
    
    
    
    
    
    
    
    
    
    

    
    
    
    
    
    
    
    
    
    
    
    
    
    

      3 weeks ago",https://www.linkedin.com/jobs/view/python-developer-at-teal-3580454578?refId=34JqHsXxpMjQqZTx%2FsbZOQ%3D%3D&trackingId=DyX8zntOIByQC4Cm%2BX2QyA%3D%3D&position=2&pageNum=0&trk=public_jobs_jserp-result_search-card
"Python Developer
      
      
          






            
        Python Developer
      
          


            MHK TECH INC
          




            Houston, TX
          




            

    
    
    
    
    
    
    
    
    
    
    
    
    
    
    
    

    
    
    
    
    
    
    
    
    
    
    
    
    
    

      3 months ago",https://www.linkedin.com/jobs/view/python-developer-at-mhk-tech-inc-3480612830?refId=34JqHsXxpMjQqZTx%2FsbZOQ%3D%3D&trackingId=Vr1USU5iQfMdOv6RwomMXg%3D%3D&position=3&pageNum=0&trk=public_jobs_jserp-result_search-card
"Python Developer - Remote
      
      
          






            
        Python Developer - Remote
      
          


            TensorIoT Inc.
          




            Houston, TX
          





         Actively Hiring
 




            

    
    
    
    
    
    
    
    
    
    
    
    
    
    
    
    

    
    
    
    
    
    
    
    
    
    
    
    
    
    

      2 weeks ago",https://www.linkedin.com/jobs/view/python-developer-remote-at-tensoriot-inc-3593022609?refId=34JqHsXxpMjQqZTx%2FsbZOQ%3D%3D&trackingId=gmdiaRC3O6iGTAts%2B08s8Q%3D%3D&position=4&pageNum=0&trk=public_jobs_jserp-result_search-card
"Python developer, Hybrid, TX
      
      
          






            
        Python developer, Hybrid, TX
      
          


            Stellent IT
          




            Houston, TX
          





         Be an early applicant
 




            

    
    
    
    
    
    
    
    
    
    
    
    
    
    
    
    

    
    
    
    
    
    
    
    
    
    
    
    
    
    

      1 month ago",https://www.linkedin.com/jobs/view/python-developer-hybrid-tx-at-stellent-it-3584717391?refId=34JqHsXxpMjQqZTx%2FsbZOQ%3D%3D&trackingId=yOlCsD3rcNpenAfljoEbaA%3D%3D&position=5&pageNum=0&trk=public_jobs_jserp-result_search-card
"Python Developer
      
      
          






            
        Python Developer
      
          


            Emonics LLC
          




            Houston, TX
          





         Actively Hiring
 




            

    
    
    
    
    
    
    
    
    
    
    
    
    
    
    
    

    
    
    
    
    
    
    
    
    
    
    
    
    
    

      2 weeks ago",https://www.linkedin.com/jobs/view/python-developer-at-emonics-llc-3590956876?refId=34JqHsXxpMjQqZTx%2FsbZOQ%3D%3D&trackingId=MUkuKt%2FwrR1r0nQw0ezYdw%3D%3D&position=6&pageNum=0&trk=public_jobs_jserp-result_search-card
"Python Developer - Remote | WFH
      
      
          






            
        Python Developer - Remote | WFH
      
          


            Get It Recruit - Information Technology
          




            Houston, TX
          




            

    
    
    
    
    
    
    
    
    
    
    
    
    
    
    
    

    
    
    
    
    
    
    
    
    
    
    
    
    
    

      2 weeks ago",https://www.linkedin.com/jobs/view/python-developer-remote-wfh-at-get-it-recruit-information-technology-3586560628?refId=34JqHsXxpMjQqZTx%2FsbZOQ%3D%3D&trackingId=huv56lvuRVURcPW%2F353nUw%3D%3D&position=7&pageNum=0&trk=public_jobs_jserp-result_search-card
"Python Developer
      
      
          






            
        Python Developer
      
          


            FinTech LLC
          




            Houston, TX
          





         Be an early applicant
 




            

    
    
    
    
    
    
    
    
    
    
    
    
    
    
    
    

    
    
    
    
    
    
    
    
    
    
    
    
    
    

      5 months ago",https://www.linkedin.com/jobs/view/python-developer-at-fintech-llc-3418387917?refId=34JqHsXxpMjQqZTx%2FsbZOQ%3D%3D&trackingId=ehqUiNjI3UcOofb1qWU2oQ%3D%3D&position=8&pageNum=0&trk=public_jobs_jserp-result_search-card
"Python Developer
      
      
          






            
        Python Developer
      
          


            TekVivid, Inc
          




            Texas City, TX
          





         Actively Hiring
 




            

    
    
    
    
    
    
    
    
    
    
    
    
    
    
    
    

    
    
    
    
    
    
    
    
    
    
    
    
    
    

      2 months ago",https://www.linkedin.com/jobs/view/python-developer-at-tekvivid-inc-3497356391?refId=34JqHsXxpMjQqZTx%2FsbZOQ%3D%3D&trackingId=C4PrSd3yfqfaGrYJatPOZg%3D%3D&position=9&pageNum=0&trk=public_jobs_jserp-result_search-card
"Python Developer
      
      
          






            
        Python Developer
      
          


            Extend Information Systems Inc.
          




            Houston, TX
          





         Actively Hiring
 




            

    
    
    
    
    
    
    
    
    
    
    
    
    
    
    
    

    
    
    
    
    
    
    
    
    
    
    
    
    
    

      3 months ago",https://www.linkedin.com/jobs/view/python-developer-at-extend-information-systems-inc-3480802978?refId=34JqHsXxpMjQqZTx%2FsbZOQ%3D%3D&trackingId=TiL1rfcEUDZMzaz7u5zGlw%3D%3D&position=10&pageNum=0&trk=public_jobs_jserp-result_search-card
"Python Developer (with AWS)
      
      
          






            
        Python Developer (with AWS)
      
          


            Donato Technologies, Inc.
          




            Houston, TX
          





         Actively Hiring
 




            

    
    
    
    
    
    
    
    
    
    
    
    
    
    
    
    

    
    
    
    
    
    
    
    
    
    
    
    
    
    

      1 month ago",https://www.linkedin.com/jobs/view/python-developer-with-aws-at-donato-technologies-inc-3534838411?refId=34JqHsXxpMjQqZTx%2FsbZOQ%3D%3D&trackingId=25qeNO9J5cHjjWRDByoJUg%3D%3D&position=11&pageNum=0&trk=public_jobs_jserp-result_search-card
"Python Developer
      
      
          






            
        Python Developer
      
          


            Hermitage Infotech
          




            Houston, TX
          





         Be an early applicant
 




            

    
    
    
    
    
    
    
    
    
    
    
    
    
    
    
    

    
    
    
    
    
    
    
    
    
    
    
    
    
    

      1 month ago",https://www.linkedin.com/jobs/view/python-developer-at-hermitage-infotech-3589717076?refId=34JqHsXxpMjQqZTx%2FsbZOQ%3D%3D&trackingId=KR70QwKaCCQ9%2FscY0d11iQ%3D%3D&position=12&pageNum=0&trk=public_jobs_jserp-result_search-card
"Python Developer/Engineer
      
      
          






            
        Python Developer/Engineer
      
          


            MHK TECH INC
          




            Houston, TX
          





         Be an early applicant
 




            

    
    
    
    
    
    
    
    
    
    
    
    
    
    
    
    

    
    
    
    
    
    
    
    
    
    
    
    
    
    

      4 months ago",https://www.linkedin.com/jobs/view/python-developer-engineer-at-mhk-tech-inc-3436556100?refId=34JqHsXxpMjQqZTx%2FsbZOQ%3D%3D&trackingId=HyOjv0F6E0ytSaor2f4gnw%3D%3D&position=13&pageNum=0&trk=public_jobs_jserp-result_search-card
"Python Developer
      
      
          






            
        Python Developer
      
          


            Emonics LLC
          




            Houston, TX
          





         Be an early applicant
 




            

    
    
    
    
    
    
    
    
    
    
    
    
    
    
    
    

    
    
    
    
    
    
    
    
    
    
    
    
    
    

      4 days ago",https://www.linkedin.com/jobs/view/python-developer-at-emonics-llc-3604577421?refId=34JqHsXxpMjQqZTx%2FsbZOQ%3D%3D&trackingId=MZ%2BvgZBeyykerLp2Vk6ZWw%3D%3D&position=14&pageNum=0&trk=public_jobs_jserp-result_search-card
"Python Developer
      
      
          






            
        Python Developer
      
          


            FinTech LLC
          




            Houston, TX
          





         Be an early applicant
 




            

    
    
    
    
    
    
    
    
    
    
    
    
    
    
    
    

    
    
    
    
    
    
    
    
    
    
    
    
    
    

      1 month ago",https://www.linkedin.com/jobs/view/python-developer-at-fintech-llc-3533314276?refId=34JqHsXxpMjQqZTx%2FsbZOQ%3D%3D&trackingId=R8idnIXKqSrOuyDiRiXWPg%3D%3D&position=15&pageNum=0&trk=public_jobs_jserp-result_search-card
"Python Developer - Remote
      
      
          






            
        Python Developer - Remote
      
          


            The Dignify Solutions, LLC
          




            Houston, TX
          





         Actively Hiring
 




            

    
    
    
    
    
    
    
    
    
    
    
    
    
    
    
    

    
    
    
    
    
    
    
    
    
    
    
    
    
    

      3 weeks ago",https://www.linkedin.com/jobs/view/python-developer-remote-at-the-dignify-solutions-llc-3569980779?refId=34JqHsXxpMjQqZTx%2FsbZOQ%3D%3D&trackingId=0iPVrrXZODwzzNsBUN8wuw%3D%3D&position=16&pageNum=0&trk=public_jobs_jserp-result_search-card
"Python Developer
      
      
          






            
        Python Developer
      
          


            SnapX.ai
          




            Houston, TX
          





         Be an early applicant
 




            

    
    
    
    
    
    
    
    
    
    
    
    
    
    
    
    

    
    
    
    
    
    
    
    
    
    
    
    
    
    

      2 weeks ago",https://www.linkedin.com/jobs/view/python-developer-at-snapx-ai-3589698674?refId=34JqHsXxpMjQqZTx%2FsbZOQ%3D%3D&trackingId=CYXrgqF8%2BYF0qV2qG80K2g%3D%3D&position=17&pageNum=0&trk=public_jobs_jserp-result_search-card
"Python Developer
      
      
          






            
        Python Developer
      
          


            Diverse Lynx
          




            Houston, TX
          





         Actively Hiring
 




            

    
    
    
    
    
    
    
    
    
    
    
    
    
    
    
    

    
    
    
    
    
    
    
    
    
    
    
    
    
    

      6 days ago",https://www.linkedin.com/jobs/view/python-developer-at-diverse-lynx-3599964111?refId=34JqHsXxpMjQqZTx%2FsbZOQ%3D%3D&trackingId=F6yqXB0uj%2Fb1nCsBlD1kPw%3D%3D&position=18&pageNum=0&trk=public_jobs_jserp-result_search-card
"Python Developer
      
      
          






            
        Python Developer
      
          


            Diverse Lynx
          




            Houston, TX
          





         Actively Hiring
 




            

    
    
    
    
    
    
    
    
    
    
    
    
    
    
    
    

    
    
    
    
    
    
    
    
    
    
    
    
    
    

      6 days ago",https://www.linkedin.com/jobs/view/python-developer-at-diverse-lynx-3599961411?refId=34JqHsXxpMjQqZTx%2FsbZOQ%3D%3D&trackingId=KLRY0IOTQHzw5%2FnRgF3YLA%3D%3D&position=19&pageNum=0&trk=public_jobs_jserp-result_search-card
"Python Developer
      
      
          






            
        Python Developer
      
          


            Robert Half
          




            Houston, TX
          

            $120,000.00
            -
            $130,000.00
          




         Be an early applicant
 




            

    
    
    
    
    
    
    
    
    
    
    
    
    
    
    
    

    
    
    
    
    
    
    
    
    
    
    
    
    
    

      1 month ago",https://www.linkedin.com/jobs/view/python-developer-at-robert-half-3582494462?refId=34JqHsXxpMjQqZTx%2FsbZOQ%3D%3D&trackingId=26iU7OgSpwNiThzCra5iCw%3D%3D&position=20&pageNum=0&trk=public_jobs_jserp-result_search-card
"Python Developer - W2/1099/full time - Hybrid (Houston, TX)
      
      
          






            
        Python Developer - W2/1099/full time - Hybrid (Houston, TX)
      
          


            Enexus Global Inc.
          




            Houston, TX
          





         Actively Hiring
 




            

    
    
    
    
    
    
    
    
    
    
    
    
    
    
    
    

    
    
    
    
    
    
    
    
    
    
    
    
    
    

      1 month ago",https://www.linkedin.com/jobs/view/python-developer-w2-1099-full-time-hybrid-houston-tx-at-enexus-global-inc-3538015659?refId=34JqHsXxpMjQqZTx%2FsbZOQ%3D%3D&trackingId=IolBLrwO9OcqjWCw6urlJA%3D%3D&position=21&pageNum=0&trk=public_jobs_jserp-result_search-card
"Software Developer Python/Django
      
      
          






            
        Software Developer Python/Django
      
          


            Advanced Robotics Group, LLC
          




            Houston, TX
          




            

    
    
    
    
    
    
    
    
    
    
    
    
    
    
    
    

    
    
    
    
    
    
    
    
    
    
    
    
    
    

      2 weeks ago",https://www.linkedin.com/jobs/view/software-developer-python-django-at-advanced-robotics-group-llc-3593617750?refId=34JqHsXxpMjQqZTx%2FsbZOQ%3D%3D&trackingId=BNM274rc8g%2BdiEAB4Y3gEA%3D%3D&position=22&pageNum=0&trk=public_jobs_jserp-result_search-card
"Python Developer
      
      
          






            
        Python Developer
      
          


            Emonics LLC
          




            Houston, TX
          





         Be an early applicant
 




            

    
    
    
    
    
    
    
    
    
    
    
    
    
    
    
    

    
    
    
    
    
    
    
    
    
    
    
    
    
    

      3 weeks ago",https://www.linkedin.com/jobs/view/python-developer-at-emonics-llc-3569794219?refId=34JqHsXxpMjQqZTx%2FsbZOQ%3D%3D&trackingId=l0EjGFUEW6eu7nbTBP65FA%3D%3D&position=23&pageNum=0&trk=public_jobs_jserp-result_search-card
"Looking for python Developer -Houston,TX- Full-time
      
      
          






            
        Looking for python Developer -Houston,TX- Full-time
      
          


            Extend Information Systems Inc.
          




            Houston, TX
          





         Be an early applicant
 




            

    
    
    
    
    
    
    
    
    
    
    
    
    
    
    
    

    
    
    
    
    
    
    
    
    
    
    
    
    
    

      3 months ago",https://www.linkedin.com/jobs/view/looking-for-python-developer-houston-tx-full-time-at-extend-information-systems-inc-3480804575?refId=34JqHsXxpMjQqZTx%2FsbZOQ%3D%3D&trackingId=cqT84pAdgGW%2FHYi2r3oiPg%3D%3D&position=24&pageNum=0&trk=public_jobs_jserp-result_search-card
"Python Developer
      
      
          






            
        Python Developer
      
          


            Diverse Lynx
          




            Houston, TX
          





         Be an early applicant
 




            

    
    
    
    
    
    
    
    
    
    
    
    
    
    
    
    

    
    
    
    
    
    
    
    
    
    
    
    
    
    

      6 days ago",https://www.linkedin.com/jobs/view/python-developer-at-diverse-lynx-3599962316?refId=34JqHsXxpMjQqZTx%2FsbZOQ%3D%3D&trackingId=oXkS9WA2uHRIC3NEag6Cmw%3D%3D&position=25&pageNum=0&trk=public_jobs_jserp-result_search-card
