Jobname,Joblink
"Python Developer
      
      
          






            
        Python Developer
      
          


            Donato Technologies, Inc.
          




            Houston, TX
          





         Actively Hiring
 




            

    
    
    
    
    
    
    
    
    
    
    
    
    
    
    
    

    
    
    
    
    
    
    
    
    
    
    
    
    
    

      1 month ago",https://www.linkedin.com/jobs/view/python-developer-at-donato-technologies-inc-3534800375?refId=aoOPPT3wTk8o7dNXvK4AsQ%3D%3D&trackingId=CjBTN18p7fscN7wZHs4X2Q%3D%3D&position=1&pageNum=0&trk=public_jobs_jserp-result_search-card
"Python Developer
      
      
          






            
        Python Developer
      
          


            TEAL
          




            Houston, TX
          




            

    
    
    
    
    
    
    
    
    
    
    
    
    
    
    
    

    
    
    
    
    
    
    
    
    
    
    
    
    
    

      3 weeks ago",https://www.linkedin.com/jobs/view/python-developer-at-teal-3580454578?refId=aoOPPT3wTk8o7dNXvK4AsQ%3D%3D&trackingId=Zuu4N%2FIaTlA%2BoI0yG8D6Eg%3D%3D&position=2&pageNum=0&trk=public_jobs_jserp-result_search-card
"Python Developer
      
      
          






            
        Python Developer
      
          


            MHK TECH INC
          




            Houston, TX
          




            

    
    
    
    
    
    
    
    
    
    
    
    
    
    
    
    

    
    
    
    
    
    
    
    
    
    
    
    
    
    

      3 months ago",https://www.linkedin.com/jobs/view/python-developer-at-mhk-tech-inc-3480612830?refId=aoOPPT3wTk8o7dNXvK4AsQ%3D%3D&trackingId=bjB2A5ck4KySe9XbSwUDJw%3D%3D&position=3&pageNum=0&trk=public_jobs_jserp-result_search-card
"Python Developer - Remote
      
      
          






            
        Python Developer - Remote
      
          


            TensorIoT Inc.
          




            Houston, TX
          





         Actively Hiring
 




            

    
    
    
    
    
    
    
    
    
    
    
    
    
    
    
    

    
    
    
    
    
    
    
    
    
    
    
    
    
    

      2 weeks ago",https://www.linkedin.com/jobs/view/python-developer-remote-at-tensoriot-inc-3593022609?refId=aoOPPT3wTk8o7dNXvK4AsQ%3D%3D&trackingId=X3JZIHshAarcEFL399NfYA%3D%3D&position=4&pageNum=0&trk=public_jobs_jserp-result_search-card
"Python developer, Hybrid, TX
      
      
          






            
        Python developer, Hybrid, TX
      
          


            Stellent IT
          




            Houston, TX
          





         Be an early applicant
 




            

    
    
    
    
    
    
    
    
    
    
    
    
    
    
    
    

    
    
    
    
    
    
    
    
    
    
    
    
    
    

      1 month ago",https://www.linkedin.com/jobs/view/python-developer-hybrid-tx-at-stellent-it-3584717391?refId=aoOPPT3wTk8o7dNXvK4AsQ%3D%3D&trackingId=Ce%2FU9CdZZjLib%2FUzOv8RvA%3D%3D&position=5&pageNum=0&trk=public_jobs_jserp-result_search-card
"Python Developer - Remote
      
      
          






            
        Python Developer - Remote
      
          


            The Dignify Solutions, LLC
          




            Houston, TX
          





         Actively Hiring
 




            

    
    
    
    
    
    
    
    
    
    
    
    
    
    
    
    

    
    
    
    
    
    
    
    
    
    
    
    
    
    

      4 weeks ago",https://www.linkedin.com/jobs/view/python-developer-remote-at-the-dignify-solutions-llc-3569980779?refId=aoOPPT3wTk8o7dNXvK4AsQ%3D%3D&trackingId=1RtVYAoZNDQVepWEs%2FxsZA%3D%3D&position=6&pageNum=0&trk=public_jobs_jserp-result_search-card
"Python Developer
      
      
          






            
        Python Developer
      
          


            FinTech LLC
          




            Houston, TX
          





         Be an early applicant
 




            

    
    
    
    
    
    
    
    
    
    
    
    
    
    
    
    

    
    
    
    
    
    
    
    
    
    
    
    
    
    

      5 months ago",https://www.linkedin.com/jobs/view/python-developer-at-fintech-llc-3418387917?refId=aoOPPT3wTk8o7dNXvK4AsQ%3D%3D&trackingId=WHD0C7OPhwuTIjr8kk0i3A%3D%3D&position=7&pageNum=0&trk=public_jobs_jserp-result_search-card
"Python Developer
      
      
          






            
        Python Developer
      
          


            TekVivid, Inc
          




            Texas City, TX
          





         Actively Hiring
 




            

    
    
    
    
    
    
    
    
    
    
    
    
    
    
    
    

    
    
    
    
    
    
    
    
    
    
    
    
    
    

      2 months ago",https://www.linkedin.com/jobs/view/python-developer-at-tekvivid-inc-3497356391?refId=aoOPPT3wTk8o7dNXvK4AsQ%3D%3D&trackingId=CnmeYVqff83sRCVmb9wLQQ%3D%3D&position=8&pageNum=0&trk=public_jobs_jserp-result_search-card
"Python Developer - Remote | WFH
      
      
          






            
        Python Developer - Remote | WFH
      
          


            Get It Recruit - Information Technology
          




            Houston, TX
          




            

    
    
    
    
    
    
    
    
    
    
    
    
    
    
    
    

    
    
    
    
    
    
    
    
    
    
    
    
    
    

      2 weeks ago",https://www.linkedin.com/jobs/view/python-developer-remote-wfh-at-get-it-recruit-information-technology-3586560628?refId=aoOPPT3wTk8o7dNXvK4AsQ%3D%3D&trackingId=cOHkWXI9mVgh0CRxBAhV5A%3D%3D&position=9&pageNum=0&trk=public_jobs_jserp-result_search-card
"Python Developer
      
      
          






            
        Python Developer
      
          


            Extend Information Systems Inc.
          




            Houston, TX
          





         Actively Hiring
 




            

    
    
    
    
    
    
    
    
    
    
    
    
    
    
    
    

    
    
    
    
    
    
    
    
    
    
    
    
    
    

      3 months ago",https://www.linkedin.com/jobs/view/python-developer-at-extend-information-systems-inc-3480802978?refId=aoOPPT3wTk8o7dNXvK4AsQ%3D%3D&trackingId=1%2FqQj5VMhGPIAw1a%2BBp5PQ%3D%3D&position=10&pageNum=0&trk=public_jobs_jserp-result_search-card
"Python Developer (with AWS)
      
      
          






            
        Python Developer (with AWS)
      
          


            Donato Technologies, Inc.
          




            Houston, TX
          





         Actively Hiring
 




            

    
    
    
    
    
    
    
    
    
    
    
    
    
    
    
    

    
    
    
    
    
    
    
    
    
    
    
    
    
    

      1 month ago",https://www.linkedin.com/jobs/view/python-developer-with-aws-at-donato-technologies-inc-3534838411?refId=aoOPPT3wTk8o7dNXvK4AsQ%3D%3D&trackingId=g2j1LeGk9w6YsJ1MmwEUKA%3D%3D&position=11&pageNum=0&trk=public_jobs_jserp-result_search-card
"Python Developer
      
      
          






            
        Python Developer
      
          


            Hermitage Infotech
          




            Houston, TX
          





         Be an early applicant
 




            

    
    
    
    
    
    
    
    
    
    
    
    
    
    
    
    

    
    
    
    
    
    
    
    
    
    
    
    
    
    

      1 month ago",https://www.linkedin.com/jobs/view/python-developer-at-hermitage-infotech-3589717076?refId=aoOPPT3wTk8o7dNXvK4AsQ%3D%3D&trackingId=U%2F2KqUBiGgE5GDWU%2FXUMEw%3D%3D&position=12&pageNum=0&trk=public_jobs_jserp-result_search-card
"Python Developer/Engineer
      
      
          






            
        Python Developer/Engineer
      
          


            MHK TECH INC
          




            Houston, TX
          





         Be an early applicant
 




            

    
    
    
    
    
    
    
    
    
    
    
    
    
    
    
    

    
    
    
    
    
    
    
    
    
    
    
    
    
    

      4 months ago",https://www.linkedin.com/jobs/view/python-developer-engineer-at-mhk-tech-inc-3436556100?refId=aoOPPT3wTk8o7dNXvK4AsQ%3D%3D&trackingId=JMF4IjQymR3%2B6FAiJQk6Fg%3D%3D&position=13&pageNum=0&trk=public_jobs_jserp-result_search-card
"Python Developer
      
      
          






            
        Python Developer
      
          


            FinTech LLC
          




            Houston, TX
          





         Be an early applicant
 




            

    
    
    
    
    
    
    
    
    
    
    
    
    
    
    
    

    
    
    
    
    
    
    
    
    
    
    
    
    
    

      1 month ago",https://www.linkedin.com/jobs/view/python-developer-at-fintech-llc-3533314276?refId=aoOPPT3wTk8o7dNXvK4AsQ%3D%3D&trackingId=JJWdg%2FG3I%2BoFmTMTkSZ2yA%3D%3D&position=14&pageNum=0&trk=public_jobs_jserp-result_search-card
"Python Developer
      
      
          






            
        Python Developer
      
          


            Emonics LLC
          




            Houston, TX
          





         Actively Hiring
 




            

    
    
    
    
    
    
    
    
    
    
    
    
    
    
    
    

    
    
    
    
    
    
    
    
    
    
    
    
    
    

      2 weeks ago",https://www.linkedin.com/jobs/view/python-developer-at-emonics-llc-3590956876?refId=aoOPPT3wTk8o7dNXvK4AsQ%3D%3D&trackingId=XaGRcS%2B%2BcDElbBm%2FMjWs3w%3D%3D&position=15&pageNum=0&trk=public_jobs_jserp-result_search-card
"Python Developer
      
      
          






            
        Python Developer
      
          


            SnapX.ai
          




            Houston, TX
          





         Be an early applicant
 




            

    
    
    
    
    
    
    
    
    
    
    
    
    
    
    
    

    
    
    
    
    
    
    
    
    
    
    
    
    
    

      2 weeks ago",https://www.linkedin.com/jobs/view/python-developer-at-snapx-ai-3589698674?refId=aoOPPT3wTk8o7dNXvK4AsQ%3D%3D&trackingId=NZOi9Gp1s0d2QgKpF%2BDIrQ%3D%3D&position=16&pageNum=0&trk=public_jobs_jserp-result_search-card
"Python Developer
      
      
          






            
        Python Developer
      
          


            Emonics LLC
          




            Houston, TX
          





         Be an early applicant
 




            

    
    
    
    
    
    
    
    
    
    
    
    
    
    
    
    

    
    
    
    
    
    
    
    
    
    
    
    
    
    

      5 days ago",https://www.linkedin.com/jobs/view/python-developer-at-emonics-llc-3604577421?refId=aoOPPT3wTk8o7dNXvK4AsQ%3D%3D&trackingId=ezDNTSzns0p2M8krJRAlJg%3D%3D&position=17&pageNum=0&trk=public_jobs_jserp-result_search-card
"Python Developer
      
      
          






            
        Python Developer
      
          


            Diverse Lynx
          




            Houston, TX
          





         Actively Hiring
 




            

    
    
    
    
    
    
    
    
    
    
    
    
    
    
    
    

    
    
    
    
    
    
    
    
    
    
    
    
    
    

      1 week ago",https://www.linkedin.com/jobs/view/python-developer-at-diverse-lynx-3599964111?refId=aoOPPT3wTk8o7dNXvK4AsQ%3D%3D&trackingId=eJkDMCkYJI7d65jrhHzZpw%3D%3D&position=18&pageNum=0&trk=public_jobs_jserp-result_search-card
"Python Developer
      
      
          






            
        Python Developer
      
          


            Diverse Lynx
          




            Houston, TX
          





         Actively Hiring
 




            

    
    
    
    
    
    
    
    
    
    
    
    
    
    
    
    

    
    
    
    
    
    
    
    
    
    
    
    
    
    

      1 week ago",https://www.linkedin.com/jobs/view/python-developer-at-diverse-lynx-3599961411?refId=aoOPPT3wTk8o7dNXvK4AsQ%3D%3D&trackingId=rYa6Ft9YNTrzo5JcBoElXg%3D%3D&position=19&pageNum=0&trk=public_jobs_jserp-result_search-card
"Python Developer - W2/1099/full time - Hybrid (Houston, TX)
      
      
          






            
        Python Developer - W2/1099/full time - Hybrid (Houston, TX)
      
          


            Enexus Global Inc.
          




            Houston, TX
          





         Actively Hiring
 




            

    
    
    
    
    
    
    
    
    
    
    
    
    
    
    
    

    
    
    
    
    
    
    
    
    
    
    
    
    
    

      1 month ago",https://www.linkedin.com/jobs/view/python-developer-w2-1099-full-time-hybrid-houston-tx-at-enexus-global-inc-3538015659?refId=aoOPPT3wTk8o7dNXvK4AsQ%3D%3D&trackingId=QpzpY9s9V84kFXvnXBzoNQ%3D%3D&position=20&pageNum=0&trk=public_jobs_jserp-result_search-card
"Python Developer
      
      
          






            
        Python Developer
      
          


            Robert Half
          




            Houston, TX
          

            $120,000.00
            -
            $130,000.00
          




         Be an early applicant
 




            

    
    
    
    
    
    
    
    
    
    
    
    
    
    
    
    

    
    
    
    
    
    
    
    
    
    
    
    
    
    

      1 month ago",https://www.linkedin.com/jobs/view/python-developer-at-robert-half-3582494462?refId=aoOPPT3wTk8o7dNXvK4AsQ%3D%3D&trackingId=LXg3eww9u2ceYZuFbeKhrQ%3D%3D&position=21&pageNum=0&trk=public_jobs_jserp-result_search-card
"Software Developer Python/Django
      
      
          






            
        Software Developer Python/Django
      
          


            Advanced Robotics Group, LLC
          




            Houston, TX
          




            

    
    
    
    
    
    
    
    
    
    
    
    
    
    
    
    

    
    
    
    
    
    
    
    
    
    
    
    
    
    

      2 weeks ago",https://www.linkedin.com/jobs/view/software-developer-python-django-at-advanced-robotics-group-llc-3593617750?refId=aoOPPT3wTk8o7dNXvK4AsQ%3D%3D&trackingId=XTn%2F24yFIN3ssr4w84rZ3w%3D%3D&position=22&pageNum=0&trk=public_jobs_jserp-result_search-card
"Python Developer
      
      
          






            
        Python Developer
      
          


            Emonics LLC
          




            Houston, TX
          





         Be an early applicant
 




            

    
    
    
    
    
    
    
    
    
    
    
    
    
    
    
    

    
    
    
    
    
    
    
    
    
    
    
    
    
    

      4 weeks ago",https://www.linkedin.com/jobs/view/python-developer-at-emonics-llc-3569794219?refId=aoOPPT3wTk8o7dNXvK4AsQ%3D%3D&trackingId=dX2OSAdvGBwr%2BlsmyY2o5w%3D%3D&position=23&pageNum=0&trk=public_jobs_jserp-result_search-card
"Python Developer
      
      
          






            
        Python Developer
      
          


            Vitol
          




            Houston, TX
          





         Actively Hiring
 




            

    
    
    
    
    
    
    
    
    
    
    
    
    
    
    
    

    
    
    
    
    
    
    
    
    
    
    
    
    
    

      1 week ago",https://www.linkedin.com/jobs/view/python-developer-at-vitol-3472309701?refId=aoOPPT3wTk8o7dNXvK4AsQ%3D%3D&trackingId=gAMulr4i80LL6keKyswUIA%3D%3D&position=24&pageNum=0&trk=public_jobs_jserp-result_search-card
"Looking for python Developer -Houston,TX- Full-time
      
      
          






            
        Looking for python Developer -Houston,TX- Full-time
      
          


            Extend Information Systems Inc.
          




            Houston, TX
          





         Be an early applicant
 




            

    
    
    
    
    
    
    
    
    
    
    
    
    
    
    
    

    
    
    
    
    
    
    
    
    
    
    
    
    
    

      3 months ago",https://www.linkedin.com/jobs/view/looking-for-python-developer-houston-tx-full-time-at-extend-information-systems-inc-3480804575?refId=aoOPPT3wTk8o7dNXvK4AsQ%3D%3D&trackingId=MJlSKKxeRBf33s9%2Fo721zQ%3D%3D&position=25&pageNum=0&trk=public_jobs_jserp-result_search-card
